<?xml version="1.0" encoding="UTF-8"?>
<GenRun Id="impl_1" LaunchPart="xc7a35tcpg236-1" LaunchTime="1519424974">
  <File Type="PLACE-DCP" Name="top_VGA_placed.dcp"/>
  <File Type="POSTROUTE-PHYSOPT-DCP" Name="top_VGA_postroute_physopt.dcp"/>
  <File Type="PA-TCL" Name="top_VGA.tcl"/>
  <File Type="PWROPT-DCP" Name="top_VGA_pwropt.dcp"/>
  <File Type="BITSTR-BMM" Name="top_VGA_bd.bmm"/>
  <File Type="ROUTE-CLK" Name="top_VGA_clock_utilization_routed.rpt"/>
  <File Type="BITSTR-MSK" Name="top_VGA.msk"/>
  <File Type="ROUTE-SIMILARITY" Name="top_VGA_incremental_reuse_routed.rpt"/>
  <File Type="BG-BIN" Name="top_VGA.bin"/>
  <File Type="INIT-TIMING" Name="top_VGA_timing_summary_init.rpt"/>
  <File Type="POSTROUTE-PHYSOPT-TIMING" Name="top_VGA_timing_summary_postroute_physopted.rpt"/>
  <File Type="BITSTR-RBT" Name="top_VGA.rbt"/>
  <File Type="OPT-DCP" Name="top_VGA_opt.dcp"/>
  <File Type="BITSTR-MMI" Name="top_VGA.mmi"/>
  <File Type="POSTPLACE-PWROPT-DCP" Name="top_VGA_postplace_pwropt.dcp"/>
  <File Type="PLACE-UTIL-PB" Name="top_VGA_utilization_placed.pb"/>
  <File Type="ROUTE-PWR-SUM" Name="top_VGA_power_summary_routed.pb"/>
  <File Type="PLACE-TIMING" Name="top_VGA_timing_summary_placed.rpt"/>
  <File Type="OPT-HWDEF" Name="top_VGA.hwdef"/>
  <File Type="ROUTE-DRC-PB" Name="top_VGA_drc_routed.pb"/>
  <File Type="ROUTE-METHODOLOGY-DRC" Name="top_VGA_methodology_drc_routed.rpt"/>
  <File Type="ROUTE-PWR" Name="top_VGA_power_routed.rpt"/>
  <File Type="PHYSOPT-DRC" Name="top_VGA_drc_physopted.rpt"/>
  <File Type="ROUTE-PWR-RPX" Name="top_VGA_power_routed.rpx"/>
  <File Type="POSTROUTE-PHYSOPT-TIMING-RPX" Name="top_VGA_timing_summary_postroute_physopted.rpx"/>
  <File Type="BG-BGN" Name="top_VGA.bgn"/>
  <File Type="ROUTE-TIMING-RPX" Name="top_VGA_timing_summary_routed.rpx"/>
  <File Type="BITSTR-SYSDEF" Name="top_VGA.sysdef"/>
  <File Type="PWROPT-DRC" Name="top_VGA_drc_pwropted.rpt"/>
  <File Type="PLACE-UTIL" Name="top_VGA_utilization_placed.rpt"/>
  <File Type="PLACE-CLK" Name="top_VGA_clock_utilization_placed.rpt"/>
  <File Type="PHYSOPT-TIMING" Name="top_VGA_timing_summary_physopted.rpt"/>
  <File Type="OPT-METHODOLOGY-DRC" Name="top_VGA_methodology_drc_opted.rpt"/>
  <File Type="PLACE-CTRL" Name="top_VGA_control_sets_placed.rpt"/>
  <File Type="POSTPLACE-PWROPT-TIMING" Name="top_VGA_timing_summary_postplace_pwropted.rpt"/>
  <File Type="PLACE-IO" Name="top_VGA_io_placed.rpt"/>
  <File Type="OPT-TIMING" Name="top_VGA_timing_summary_opted.rpt"/>
  <File Type="PHYSOPT-DCP" Name="top_VGA_physopt.dcp"/>
  <File Type="ROUTE-STATUS-PB" Name="top_VGA_route_status.pb"/>
  <File Type="BG-DRC" Name="top_VGA.drc"/>
  <File Type="ROUTE-TIMING-PB" Name="top_VGA_timing_summary_routed.pb"/>
  <File Type="BITSTR-NKY" Name="top_VGA.nky"/>
  <File Type="PLACE-PRE-SIMILARITY" Name="top_VGA_incremental_reuse_pre_placed.rpt"/>
  <File Type="ROUTE-METHODOLOGY-DRC-PB" Name="top_VGA_methodology_drc_routed.pb"/>
  <File Type="WBT-USG" Name="usage_statistics_webtalk.html"/>
  <File Type="POSTROUTE-PHYSOPT-BLACKBOX-DCP" Name="top_VGA_postroute_physopt_bb.dcp"/>
  <File Type="POSTROUTE-PHYSOPT-TIMING-PB" Name="top_VGA_timing_summary_postroute_physopted.pb"/>
  <File Type="ROUTE-DCP" Name="top_VGA_routed.dcp"/>
  <File Type="PWROPT-TIMING" Name="top_VGA_timing_summary_pwropted.rpt"/>
  <File Type="OPT-DRC" Name="top_VGA_drc_opted.rpt"/>
  <File Type="RDI-RDI" Name="top_VGA.vdi"/>
  <File Type="ROUTE-BLACKBOX-DCP" Name="top_VGA_routed_bb.dcp"/>
  <File Type="ROUTE-DRC" Name="top_VGA_drc_routed.rpt"/>
  <File Type="BG-BIT" Name="top_VGA.bit"/>
  <File Type="ROUTE-TIMINGSUMMARY" Name="top_VGA_timing_summary_routed.rpt"/>
  <File Type="ROUTE-STATUS" Name="top_VGA_route_status.rpt"/>
  <File Type="PLACE-SIMILARITY" Name="top_VGA_incremental_reuse_placed.rpt"/>
  <FileSet Name="sources" Type="DesignSrcs" RelSrcDir="$PSRCDIR/sources_1">
    <Filter Type="Srcs"/>
    <File Path="$PPRDIR/../../../../WorkDir/VHDL_VGA_controller/vhdl/pattern2_.vhd">
      <FileInfo>
        <Attr Name="UsedIn" Val="synthesis"/>
        <Attr Name="UsedIn" Val="simulation"/>
      </FileInfo>
    </File>
    <File Path="$PPRDIR/../../../../WorkDir/VHDL_VGA_controller/vhdl/sourcemultiplexer_.vhd">
      <FileInfo>
        <Attr Name="UsedIn" Val="synthesis"/>
        <Attr Name="UsedIn" Val="simulation"/>
      </FileInfo>
    </File>
    <File Path="$PPRDIR/../../../../WorkDir/VHDL_VGA_controller/vhdl/vgacontroller_.vhd">
      <FileInfo>
        <Attr Name="UsedIn" Val="synthesis"/>
        <Attr Name="UsedIn" Val="simulation"/>
      </FileInfo>
    </File>
    <File Path="$PPRDIR/../../../../WorkDir/VHDL_VGA_controller/vhdl/iologic_.vhd">
      <FileInfo>
        <Attr Name="UsedIn" Val="synthesis"/>
        <Attr Name="UsedIn" Val="simulation"/>
      </FileInfo>
    </File>
    <File Path="$PPRDIR/../../../../WorkDir/VHDL_VGA_controller/vhdl/pattern1_.vhd">
      <FileInfo>
        <Attr Name="UsedIn" Val="synthesis"/>
        <Attr Name="UsedIn" Val="simulation"/>
      </FileInfo>
    </File>
    <File Path="$PPRDIR/../../../../WorkDir/VHDL_VGA_controller/vhdl/prescaler_.vhd">
      <FileInfo>
        <Attr Name="UsedIn" Val="synthesis"/>
        <Attr Name="UsedIn" Val="simulation"/>
      </FileInfo>
    </File>
    <File Path="$PPRDIR/../../../../WorkDir/VHDL_VGA_controller/vhdl/pattern2_rtl.vhd">
      <FileInfo>
        <Attr Name="UsedIn" Val="synthesis"/>
        <Attr Name="UsedIn" Val="simulation"/>
      </FileInfo>
    </File>
    <File Path="$PPRDIR/../../../../WorkDir/VHDL_VGA_controller/vhdl/pattern1_rtl.vhd">
      <FileInfo>
        <Attr Name="UsedIn" Val="synthesis"/>
        <Attr Name="UsedIn" Val="simulation"/>
      </FileInfo>
    </File>
    <File Path="$PPRDIR/../../../../WorkDir/VHDL_VGA_controller/vhdl/sourcemultiplexer_rtl.vhd">
      <FileInfo>
        <Attr Name="UsedIn" Val="synthesis"/>
        <Attr Name="UsedIn" Val="simulation"/>
      </FileInfo>
    </File>
    <File Path="$PPRDIR/../../../../WorkDir/VHDL_VGA_controller/vhdl/top_VGA_.vhd">
      <FileInfo>
        <Attr Name="UsedIn" Val="synthesis"/>
        <Attr Name="UsedIn" Val="simulation"/>
      </FileInfo>
    </File>
    <File Path="$PPRDIR/../../../../WorkDir/VHDL_VGA_controller/vhdl/vgacontroller_rtl.vhd">
      <FileInfo>
        <Attr Name="UsedIn" Val="synthesis"/>
        <Attr Name="UsedIn" Val="simulation"/>
      </FileInfo>
    </File>
    <File Path="$PPRDIR/../../../../WorkDir/VHDL_VGA_controller/vhdl/iologic_rtl.vhd">
      <FileInfo>
        <Attr Name="UsedIn" Val="synthesis"/>
        <Attr Name="UsedIn" Val="simulation"/>
      </FileInfo>
    </File>
    <File Path="$PPRDIR/../../../../WorkDir/VHDL_VGA_controller/vhdl/prescaler_rtl.vhd">
      <FileInfo>
        <Attr Name="UsedIn" Val="synthesis"/>
        <Attr Name="UsedIn" Val="simulation"/>
      </FileInfo>
    </File>
    <File Path="$PPRDIR/../../../../WorkDir/VHDL_VGA_controller/vhdl/top_VGA_rtl.vhd">
      <FileInfo>
        <Attr Name="UsedIn" Val="synthesis"/>
        <Attr Name="UsedIn" Val="simulation"/>
      </FileInfo>
    </File>
    <File Path="$PPRDIR/../../../../WorkDir/VHDL_VGA_controller/vhdl/vga_monitor_.vhd">
      <FileInfo>
        <Attr Name="AutoDisabled" Val="1"/>
        <Attr Name="UsedIn" Val="synthesis"/>
        <Attr Name="UsedIn" Val="simulation"/>
      </FileInfo>
    </File>
    <File Path="$PPRDIR/../../../../WorkDir/VHDL_VGA_controller/vhdl/vga_monitor_sim.vhd">
      <FileInfo>
        <Attr Name="AutoDisabled" Val="1"/>
        <Attr Name="UsedIn" Val="synthesis"/>
        <Attr Name="UsedIn" Val="simulation"/>
      </FileInfo>
    </File>
    <Config>
      <Option Name="DesignMode" Val="RTL"/>
      <Option Name="TopModule" Val="top_VGA"/>
      <Option Name="TopAutoSet" Val="TRUE"/>
    </Config>
  </FileSet>
  <FileSet Name="constrs_in" Type="Constrs" RelSrcDir="$PSRCDIR/constrs_1">
    <Filter Type="Constrs"/>
    <File Path="$PSRCDIR/constrs_1/new/vga_constrs.xdc">
      <FileInfo>
        <Attr Name="ImportPath" Val="$PPRDIR/../../../../WorkDir/VHDL_VGA_controller/impl/VGA_Controller.srcs/constrs_1/new/vga_constrs.xdc"/>
        <Attr Name="ImportTime" Val="1519424969"/>
        <Attr Name="UsedIn" Val="synthesis"/>
        <Attr Name="UsedIn" Val="implementation"/>
      </FileInfo>
    </File>
    <Config>
      <Option Name="TargetConstrsFile" Val="$PSRCDIR/constrs_1/new/vga_constrs.xdc"/>
      <Option Name="ConstrsType" Val="XDC"/>
    </Config>
  </FileSet>
  <Strategy Version="1" Minor="2">
    <StratHandle Name="Vivado Implementation Defaults" Flow="Vivado Implementation 2016"/>
    <Step Id="init_design"/>
    <Step Id="opt_design"/>
    <Step Id="power_opt_design"/>
    <Step Id="place_design"/>
    <Step Id="post_place_power_opt_design"/>
    <Step Id="phys_opt_design"/>
    <Step Id="route_design"/>
    <Step Id="post_route_phys_opt_design"/>
    <Step Id="write_bitstream"/>
  </Strategy>
</GenRun>
